index,image,alt,caption,class
0,Supermoto-Saarbruecken-2005-Hubert-Mendel/f1000001jpg_8955741021_o.jpg,Supermoto-Saarbruecken-2005-Hubert-Mendel,,
0,Supermoto-Saarbruecken-2005-Hubert-Mendel/f1000002jpg_8955740519_o.jpg,Supermoto-Saarbruecken-2005-Hubert-Mendel,,
0,Supermoto-Saarbruecken-2005-Hubert-Mendel/f1000003jpg_8955739985_o.jpg,Supermoto-Saarbruecken-2005-Hubert-Mendel,,
0,Supermoto-Saarbruecken-2005-Hubert-Mendel/f1000004jpg_8955739435_o.jpg,Supermoto-Saarbruecken-2005-Hubert-Mendel,,
0,Supermoto-Saarbruecken-2005-Hubert-Mendel/f1000005jpg_8955738853_o.jpg,Supermoto-Saarbruecken-2005-Hubert-Mendel,,
0,Supermoto-Saarbruecken-2005-Hubert-Mendel/f1000006jpg_8956933888_o.jpg,Supermoto-Saarbruecken-2005-Hubert-Mendel,,
0,Supermoto-Saarbruecken-2005-Hubert-Mendel/f1000007_001jpg_8956933072_o.jpg,Supermoto-Saarbruecken-2005-Hubert-Mendel,,
0,Supermoto-Saarbruecken-2005-Hubert-Mendel/f1000007jpg_8955736879_o.jpg,Supermoto-Saarbruecken-2005-Hubert-Mendel,,
0,Supermoto-Saarbruecken-2005-Hubert-Mendel/f1000008_001jpg_8955736161_o.jpg,Supermoto-Saarbruecken-2005-Hubert-Mendel,,
0,Supermoto-Saarbruecken-2005-Hubert-Mendel/f1000008jpg_8956931206_o.jpg,Supermoto-Saarbruecken-2005-Hubert-Mendel,,
0,Supermoto-Saarbruecken-2005-Hubert-Mendel/f1000009_001jpg_8956930620_o.jpg,Supermoto-Saarbruecken-2005-Hubert-Mendel,,
0,Supermoto-Saarbruecken-2005-Hubert-Mendel/f1000009jpg_8956930038_o.jpg,Supermoto-Saarbruecken-2005-Hubert-Mendel,,
0,Supermoto-Saarbruecken-2005-Hubert-Mendel/f1000010_001jpg_8955733765_o.jpg,Supermoto-Saarbruecken-2005-Hubert-Mendel,,
0,Supermoto-Saarbruecken-2005-Hubert-Mendel/f1000010jpg_8955733201_o.jpg,Supermoto-Saarbruecken-2005-Hubert-Mendel,,
0,Supermoto-Saarbruecken-2005-Hubert-Mendel/f1000011_001jpg_8956928266_o.jpg,Supermoto-Saarbruecken-2005-Hubert-Mendel,,
0,Supermoto-Saarbruecken-2005-Hubert-Mendel/f1000011jpg_8955830465_o.jpg,Supermoto-Saarbruecken-2005-Hubert-Mendel,,
0,Supermoto-Saarbruecken-2005-Hubert-Mendel/f1000012_001jpg_8957026956_o.jpg,Supermoto-Saarbruecken-2005-Hubert-Mendel,,
0,Supermoto-Saarbruecken-2005-Hubert-Mendel/f1000012jpg_8955829147_o.jpg,Supermoto-Saarbruecken-2005-Hubert-Mendel,,
0,Supermoto-Saarbruecken-2005-Hubert-Mendel/f1000013_001jpg_8955828567_o.jpg,Supermoto-Saarbruecken-2005-Hubert-Mendel,,
0,Supermoto-Saarbruecken-2005-Hubert-Mendel/f1000013jpg_8957024966_o.jpg,Supermoto-Saarbruecken-2005-Hubert-Mendel,,
0,Supermoto-Saarbruecken-2005-Hubert-Mendel/f1000014_001jpg_8955827197_o.jpg,Supermoto-Saarbruecken-2005-Hubert-Mendel,,
0,Supermoto-Saarbruecken-2005-Hubert-Mendel/f1000014jpg_8955826463_o.jpg,Supermoto-Saarbruecken-2005-Hubert-Mendel,,
0,Supermoto-Saarbruecken-2005-Hubert-Mendel/f1000015_001jpg_8957022972_o.jpg,Supermoto-Saarbruecken-2005-Hubert-Mendel,,
0,Supermoto-Saarbruecken-2005-Hubert-Mendel/f1000015jpg_8955825147_o.jpg,Supermoto-Saarbruecken-2005-Hubert-Mendel,,
0,Supermoto-Saarbruecken-2005-Hubert-Mendel/f1000016_001jpg_8955824505_o.jpg,Supermoto-Saarbruecken-2005-Hubert-Mendel,,
0,Supermoto-Saarbruecken-2005-Hubert-Mendel/f1000016jpg_8957021012_o.jpg,Supermoto-Saarbruecken-2005-Hubert-Mendel,,
0,Supermoto-Saarbruecken-2005-Hubert-Mendel/f1000017_001jpg_8955823149_o.jpg,Supermoto-Saarbruecken-2005-Hubert-Mendel,,
0,Supermoto-Saarbruecken-2005-Hubert-Mendel/f1000017jpg_8955822441_o.jpg,Supermoto-Saarbruecken-2005-Hubert-Mendel,,
0,Supermoto-Saarbruecken-2005-Hubert-Mendel/f1000018_001jpg_8957018818_o.jpg,Supermoto-Saarbruecken-2005-Hubert-Mendel,,
0,Supermoto-Saarbruecken-2005-Hubert-Mendel/f1000018jpg_8957018094_o.jpg,Supermoto-Saarbruecken-2005-Hubert-Mendel,,
0,Supermoto-Saarbruecken-2005-Hubert-Mendel/f1000019_001jpg_8955922395_o.jpg,Supermoto-Saarbruecken-2005-Hubert-Mendel,,
0,Supermoto-Saarbruecken-2005-Hubert-Mendel/f1000019jpg_8957118554_o.jpg,Supermoto-Saarbruecken-2005-Hubert-Mendel,,
0,Supermoto-Saarbruecken-2005-Hubert-Mendel/f1000020_001jpg_8957117408_o.jpg,Supermoto-Saarbruecken-2005-Hubert-Mendel,,
0,Supermoto-Saarbruecken-2005-Hubert-Mendel/f1000020jpg_8957116728_o.jpg,Supermoto-Saarbruecken-2005-Hubert-Mendel,,
0,Supermoto-Saarbruecken-2005-Hubert-Mendel/f1000021_001jpg_8955919377_o.jpg,Supermoto-Saarbruecken-2005-Hubert-Mendel,,
0,Supermoto-Saarbruecken-2005-Hubert-Mendel/f1000021jpg_8955918797_o.jpg,Supermoto-Saarbruecken-2005-Hubert-Mendel,,
0,Supermoto-Saarbruecken-2005-Hubert-Mendel/f1000022_001jpg_8957114966_o.jpg,Supermoto-Saarbruecken-2005-Hubert-Mendel,,
0,Supermoto-Saarbruecken-2005-Hubert-Mendel/f1000022jpg_8955917625_o.jpg,Supermoto-Saarbruecken-2005-Hubert-Mendel,,
0,Supermoto-Saarbruecken-2005-Hubert-Mendel/f1000023_001jpg_8955916999_o.jpg,Supermoto-Saarbruecken-2005-Hubert-Mendel,,
0,Supermoto-Saarbruecken-2005-Hubert-Mendel/f1000023jpg_8957113246_o.jpg,Supermoto-Saarbruecken-2005-Hubert-Mendel,,
0,Supermoto-Saarbruecken-2005-Hubert-Mendel/f1000024_001jpg_8955915735_o.jpg,Supermoto-Saarbruecken-2005-Hubert-Mendel,,
0,Supermoto-Saarbruecken-2005-Hubert-Mendel/f1000024jpg_8957112010_o.jpg,Supermoto-Saarbruecken-2005-Hubert-Mendel,,
0,Supermoto-Saarbruecken-2005-Hubert-Mendel/f1000025_001jpg_8957111176_o.jpg,Supermoto-Saarbruecken-2005-Hubert-Mendel,,
0,Supermoto-Saarbruecken-2005-Hubert-Mendel/f1000025jpg_8957110482_o.jpg,Supermoto-Saarbruecken-2005-Hubert-Mendel,,
