index,image,alt,caption,class
1,1-klassikfahrt-2014-huegel-kurve/20140316-110245-DSC_6578.jpg,Klassikfahrt 2014 - Huegel Kurve,,active
2,1-klassikfahrt-2014-huegel-kurve/20140316-110249-DSC_6579.jpg,Klassikfahrt 2014 - Huegel Kurve,,
3,1-klassikfahrt-2014-huegel-kurve/20140316-110251-DSC_6580.jpg,Klassikfahrt 2014 - Huegel Kurve,,
4,1-klassikfahrt-2014-huegel-kurve/20140316-110311-DSC_6581.jpg,Klassikfahrt 2014 - Huegel Kurve,,
5,1-klassikfahrt-2014-huegel-kurve/20140316-110410-DSC_6582.jpg,Klassikfahrt 2014 - Huegel Kurve,,
6,1-klassikfahrt-2014-huegel-kurve/20140316-110418-DSC_6583.jpg,Klassikfahrt 2014 - Huegel Kurve,,
7,1-klassikfahrt-2014-huegel-kurve/20140316-110419-DSC_6584.jpg,Klassikfahrt 2014 - Huegel Kurve,,
8,1-klassikfahrt-2014-huegel-kurve/20140316-110422-DSC_6585.jpg,Klassikfahrt 2014 - Huegel Kurve,,
9,1-klassikfahrt-2014-huegel-kurve/20140316-110444-DSC_6586.jpg,Klassikfahrt 2014 - Huegel Kurve,,
10,1-klassikfahrt-2014-huegel-kurve/20140316-110445-DSC_6587.jpg,Klassikfahrt 2014 - Huegel Kurve,,
11,1-klassikfahrt-2014-huegel-kurve/20140316-110445-DSC_6588.jpg,Klassikfahrt 2014 - Huegel Kurve,,
12,1-klassikfahrt-2014-huegel-kurve/20140316-110502-DSC_6589.jpg,Klassikfahrt 2014 - Huegel Kurve,,
13,1-klassikfahrt-2014-huegel-kurve/20140316-110502-DSC_6590.jpg,Klassikfahrt 2014 - Huegel Kurve,,
14,1-klassikfahrt-2014-huegel-kurve/20140316-110522-DSC_6591.jpg,Klassikfahrt 2014 - Huegel Kurve,,
15,1-klassikfahrt-2014-huegel-kurve/20140316-110523-DSC_6592.jpg,Klassikfahrt 2014 - Huegel Kurve,,
16,1-klassikfahrt-2014-huegel-kurve/20140316-110552-DSC_6593.jpg,Klassikfahrt 2014 - Huegel Kurve,,
17,1-klassikfahrt-2014-huegel-kurve/20140316-110626-DSC_6594.jpg,Klassikfahrt 2014 - Huegel Kurve,,
18,1-klassikfahrt-2014-huegel-kurve/20140316-110627-DSC_6595.jpg,Klassikfahrt 2014 - Huegel Kurve,,
19,1-klassikfahrt-2014-huegel-kurve/20140316-110628-DSC_6596.jpg,Klassikfahrt 2014 - Huegel Kurve,,
20,1-klassikfahrt-2014-huegel-kurve/20140316-110628-DSC_6597.jpg,Klassikfahrt 2014 - Huegel Kurve,,
21,1-klassikfahrt-2014-huegel-kurve/20140316-110703-DSC_6598.jpg,Klassikfahrt 2014 - Huegel Kurve,,
22,1-klassikfahrt-2014-huegel-kurve/20140316-110704-DSC_6599.jpg,Klassikfahrt 2014 - Huegel Kurve,,
23,1-klassikfahrt-2014-huegel-kurve/20140316-110705-DSC_6600.jpg,Klassikfahrt 2014 - Huegel Kurve,,
24,1-klassikfahrt-2014-huegel-kurve/20140316-110706-DSC_6601.jpg,Klassikfahrt 2014 - Huegel Kurve,,
25,1-klassikfahrt-2014-huegel-kurve/20140316-110707-DSC_6602.jpg,Klassikfahrt 2014 - Huegel Kurve,,
26,1-klassikfahrt-2014-huegel-kurve/20140316-110708-DSC_6603.jpg,Klassikfahrt 2014 - Huegel Kurve,,
27,1-klassikfahrt-2014-huegel-kurve/20140316-110708-DSC_6604.jpg,Klassikfahrt 2014 - Huegel Kurve,,
28,1-klassikfahrt-2014-huegel-kurve/20140316-110724-DSC_6605.jpg,Klassikfahrt 2014 - Huegel Kurve,,
29,1-klassikfahrt-2014-huegel-kurve/20140316-110725-DSC_6606.jpg,Klassikfahrt 2014 - Huegel Kurve,,
30,1-klassikfahrt-2014-huegel-kurve/20140316-110725-DSC_6607.jpg,Klassikfahrt 2014 - Huegel Kurve,,
31,1-klassikfahrt-2014-huegel-kurve/20140316-110726-DSC_6608.jpg,Klassikfahrt 2014 - Huegel Kurve,,
32,1-klassikfahrt-2014-huegel-kurve/20140316-110726-DSC_6609.jpg,Klassikfahrt 2014 - Huegel Kurve,,
33,1-klassikfahrt-2014-huegel-kurve/20140316-110726-DSC_6610.jpg,Klassikfahrt 2014 - Huegel Kurve,,
34,1-klassikfahrt-2014-huegel-kurve/20140316-110739-DSC_6611.jpg,Klassikfahrt 2014 - Huegel Kurve,,
35,1-klassikfahrt-2014-huegel-kurve/20140316-110740-DSC_6612.jpg,Klassikfahrt 2014 - Huegel Kurve,,
36,1-klassikfahrt-2014-huegel-kurve/20140316-110741-DSC_6613.jpg,Klassikfahrt 2014 - Huegel Kurve,,
37,1-klassikfahrt-2014-huegel-kurve/20140316-110741-DSC_6614.jpg,Klassikfahrt 2014 - Huegel Kurve,,
38,1-klassikfahrt-2014-huegel-kurve/20140316-110742-DSC_6615.jpg,Klassikfahrt 2014 - Huegel Kurve,,
39,1-klassikfahrt-2014-huegel-kurve/20140316-110742-DSC_6616.jpg,Klassikfahrt 2014 - Huegel Kurve,,
40,1-klassikfahrt-2014-huegel-kurve/20140316-110742-DSC_6617.jpg,Klassikfahrt 2014 - Huegel Kurve,,
41,1-klassikfahrt-2014-huegel-kurve/20140316-110831-DSC_6618.jpg,Klassikfahrt 2014 - Huegel Kurve,,
42,1-klassikfahrt-2014-huegel-kurve/20140316-110832-DSC_6619.jpg,Klassikfahrt 2014 - Huegel Kurve,,
43,1-klassikfahrt-2014-huegel-kurve/20140316-110832-DSC_6620.jpg,Klassikfahrt 2014 - Huegel Kurve,,
44,1-klassikfahrt-2014-huegel-kurve/20140316-110833-DSC_6621.jpg,Klassikfahrt 2014 - Huegel Kurve,,
45,1-klassikfahrt-2014-huegel-kurve/20140316-110833-DSC_6622.jpg,Klassikfahrt 2014 - Huegel Kurve,,
46,1-klassikfahrt-2014-huegel-kurve/20140316-110909-DSC_6623.jpg,Klassikfahrt 2014 - Huegel Kurve,,
47,1-klassikfahrt-2014-huegel-kurve/20140316-110910-DSC_6624.jpg,Klassikfahrt 2014 - Huegel Kurve,,
48,1-klassikfahrt-2014-huegel-kurve/20140316-110910-DSC_6625.jpg,Klassikfahrt 2014 - Huegel Kurve,,
49,1-klassikfahrt-2014-huegel-kurve/20140316-110911-DSC_6626.jpg,Klassikfahrt 2014 - Huegel Kurve,,
50,1-klassikfahrt-2014-huegel-kurve/20140316-110911-DSC_6627.jpg,Klassikfahrt 2014 - Huegel Kurve,,
51,1-klassikfahrt-2014-huegel-kurve/20140316-110911-DSC_6628.jpg,Klassikfahrt 2014 - Huegel Kurve,,
52,1-klassikfahrt-2014-huegel-kurve/20140316-110912-DSC_6629.jpg,Klassikfahrt 2014 - Huegel Kurve,,
53,1-klassikfahrt-2014-huegel-kurve/20140316-110947-DSC_6630.jpg,Klassikfahrt 2014 - Huegel Kurve,,
54,1-klassikfahrt-2014-huegel-kurve/20140316-110948-DSC_6631.jpg,Klassikfahrt 2014 - Huegel Kurve,,
55,1-klassikfahrt-2014-huegel-kurve/20140316-110948-DSC_6632.jpg,Klassikfahrt 2014 - Huegel Kurve,,
56,1-klassikfahrt-2014-huegel-kurve/20140316-111005-DSC_6633.jpg,Klassikfahrt 2014 - Huegel Kurve,,
57,1-klassikfahrt-2014-huegel-kurve/20140316-111005-DSC_6634.jpg,Klassikfahrt 2014 - Huegel Kurve,,
58,1-klassikfahrt-2014-huegel-kurve/20140316-111006-DSC_6635.jpg,Klassikfahrt 2014 - Huegel Kurve,,
59,1-klassikfahrt-2014-huegel-kurve/20140316-111006-DSC_6636.jpg,Klassikfahrt 2014 - Huegel Kurve,,
60,1-klassikfahrt-2014-huegel-kurve/20140316-111008-DSC_6637.jpg,Klassikfahrt 2014 - Huegel Kurve,,
61,1-klassikfahrt-2014-huegel-kurve/20140316-111104-DSC_6638.jpg,Klassikfahrt 2014 - Huegel Kurve,,
62,1-klassikfahrt-2014-huegel-kurve/20140316-111105-DSC_6639.jpg,Klassikfahrt 2014 - Huegel Kurve,,
63,1-klassikfahrt-2014-huegel-kurve/20140316-111349-DSC_6640.jpg,Klassikfahrt 2014 - Huegel Kurve,,
64,1-klassikfahrt-2014-huegel-kurve/20140316-111349-DSC_6641.jpg,Klassikfahrt 2014 - Huegel Kurve,,
65,1-klassikfahrt-2014-huegel-kurve/20140316-111350-DSC_6642.jpg,Klassikfahrt 2014 - Huegel Kurve,,
66,1-klassikfahrt-2014-huegel-kurve/20140316-111351-DSC_6643.jpg,Klassikfahrt 2014 - Huegel Kurve,,
67,1-klassikfahrt-2014-huegel-kurve/20140316-111351-DSC_6644.jpg,Klassikfahrt 2014 - Huegel Kurve,,
68,1-klassikfahrt-2014-huegel-kurve/20140316-111351-DSC_6645.jpg,Klassikfahrt 2014 - Huegel Kurve,,